Industry,Sector
Financial Services,Banking & Capital Markets
Consumer,Automotive
Government & Public Services,Central Government
Consumer,Consumer Products
Government & Public Services,"Defence, Security & Justice"
"Energy, Resources & Industrials",Energy & Chemicals
Financial Services,Fintech & Alternative Finance
Government & Public Services,Health & Human Services
Life Sciences & Health Care,Health Care
"Energy, Resources & Industrials",Industrial Products & Construction
Government & Public Services,"Infrastructure, Transport & Regional Government"
Financial Services,Insurance
Financial Services,"Investment, Assets and Wealth"
Life Sciences & Health Care,Life Sciences
"Energy, Resources & Industrials",Mining & Metals
"Energy, Resources & Industrials","Power, Utilities & Renewables"
Financial Services,Real Estate
Consumer,"Retail, Wholesale & Distribution"
"Tech, Media & Telecom",Technology
"Tech, Media & Telecom","Telecommunication, Media & Entertainment"
Consumer,"Transport, Hospitality & Services"
